{"cameraMode":{"drawMode":0,"name":"Shaded","section":"Shading Mode"},"sceneLighting":false,"audioPlay":false,"sceneViewState":{"m_AlwaysRefresh":false,"showFog":true,"showSkybox":false,"showFlares":true,"showImageEffects":true,"showParticleSystems":true,"showVisualEffectGraphs":true,"m_FxEnabled":true},"in2DMode":false,"pivot":{"x":0.2294652760028839,"y":250.5592041015625,"z":-0.01898747682571411},"rotation":{"x":0.17309196293354035,"y":0.0021373978815972807,"z":-0.0007485875976271927,"w":0.9847323298454285},"size":5.24142599105835,"orthographic":true}