{"cameraMode":{"drawMode":0,"name":"Shaded","section":"Shading Mode"},"sceneLighting":false,"audioPlay":false,"sceneViewState":{"m_AlwaysRefresh":false,"showFog":true,"showSkybox":false,"showFlares":true,"showImageEffects":true,"showParticleSystems":true,"showVisualEffectGraphs":true,"m_FxEnabled":true},"in2DMode":false,"pivot":{"x":-0.023281514644622804,"y":250.3949432373047,"z":-0.16053441166877747},"rotation":{"x":0.06817744672298432,"y":-0.9292184114456177,"z":0.21545928716659547,"w":0.29175662994384768},"size":2.698787212371826,"orthographic":true}