{"cameraMode":{"drawMode":0,"name":"Shaded","section":"Shading Mode"},"sceneLighting":false,"audioPlay":false,"sceneViewState":{"m_AlwaysRefresh":false,"showFog":true,"showSkybox":false,"showFlares":true,"showImageEffects":true,"showParticleSystems":true,"showVisualEffectGraphs":true,"m_FxEnabled":true},"in2DMode":false,"pivot":{"x":-0.48614180088043215,"y":2.2786715030670168,"z":1.7912521362304688},"rotation":{"x":0.03554787486791611,"y":-0.31756794452667239,"z":0.011914491653442383,"w":0.9474992752075195},"size":6.77175235748291,"orthographic":false}