{"cameraMode":{"drawMode":0,"name":"Shaded","section":"Shading Mode"},"sceneLighting":false,"audioPlay":false,"sceneViewState":{"m_AlwaysRefresh":false,"showFog":true,"showSkybox":false,"showFlares":true,"showImageEffects":true,"showParticleSystems":true,"showVisualEffectGraphs":true,"m_FxEnabled":true},"in2DMode":false,"pivot":{"x":0.06487348675727844,"y":0.028042450547218324,"z":-0.07471592724323273},"rotation":{"x":-0.0653419941663742,"y":0.7276777625083923,"z":-0.07012105733156204,"w":-0.6791201233863831},"size":0.7927143573760986,"orthographic":true}